{"cameraMode":{"drawMode":0,"name":"Shaded","section":"Shading Mode"},"sceneLighting":true,"audioPlay":false,"sceneViewState":{"showFog":true,"showMaterialUpdate":false,"showSkybox":true,"showFlares":true,"showImageEffects":true,"showParticleSystems":true},"in2DMode":false,"pivot":{"x":-0.240360826253891,"y":-1.4296464920043946,"z":0.533119261264801},"rotation":{"x":-0.5246097445487976,"y":-0.47272345423698428,"z":0.5357572436332703,"w":-0.4629053771495819},"size":14.532591819763184,"orthographic":false}